Date,demand_1359,demand_1295
2012-01-05,702000.0,78700.0
2012-01-06,676000.0,102100.0
2012-01-10,783000.0,134000.0
2012-01-11,200000.0,37600.0
2012-01-12,284000.0,32100.0
2012-01-13,532000.0,23500.0
2012-01-16,479000.0,121400.0
2012-01-17,435000.0,156000.0
2012-01-18,29000.0,98700.0
2012-01-19,477000.0,77700.0
2012-01-20,290000.0,47200.0
2012-01-23,157000.0,131700.0
2012-01-24,331000.0,40100.0
2012-01-25,1023000.0,50000.0
2012-01-26,545000.0,121000.0
2012-01-27,114000.0,15000.0
2012-01-30,454000.0,55000.0
2012-01-31,1399000.0,39000.0
2012-02-01,450000.0,43300.0
2012-02-02,445000.0,51000.0
2012-02-03,390000.0,16600.0
2012-02-06,406000.0,52500.0
2012-02-07,601000.0,109100.0
2012-02-08,403000.0,211600.0
2012-02-09,1063000.0,3000.0
2012-02-10,197000.0,111600.0
2012-02-13,317000.0,34700.0
2012-02-14,301000.0,45100.0
2012-02-15,179000.0,86200.0
2012-02-16,401000.0,88500.0
2012-02-17,298000.0,62000.0
2012-02-20,314000.0,87000.0
2012-02-21,714000.0,105300.0
2012-02-22,123000.0,62900.0
2012-02-23,329000.0,65000.0
2012-02-24,108000.0,44300.0
2012-02-27,420000.0,52900.0
2012-02-28,163000.0,47600.0
2012-02-29,449000.0,483000.0
2012-03-01,720000.0,42000.0
2012-03-02,465000.0,58000.0
2012-03-05,761000.0,93000.0
2012-03-06,487000.0,47200.0
2012-03-07,188000.0,42500.0
2012-03-08,549000.0,64000.0
2012-03-09,175000.0,140700.0
2012-03-12,395000.0,87700.0
2012-03-13,238000.0,147100.0
2012-03-14,150000.0,172000.0
2012-03-15,293000.0,101400.0
2012-03-16,524000.0,43700.0
2012-03-19,258000.0,25500.0
2012-03-21,328000.0,83200.0
2012-03-22,250000.0,157100.0
2012-03-23,315000.0,79300.0
2012-03-26,368000.0,176500.0
2012-03-27,520000.0,74300.0
2012-03-28,158000.0,42300.0
2012-03-29,176000.0,108000.0
2012-03-30,382000.0,82800.0
2012-04-02,410000.0,122000.0
2012-04-03,184000.0,146600.0
2012-04-04,500000.0,24000.0
2012-04-05,333000.0,12000.0
2012-04-06,457000.0,206800.0
2012-04-08,320000.0,2000.0
2012-04-09,234000.0,134300.0
2012-04-10,406000.0,106000.0
2012-04-11,351000.0,55000.0
2012-04-12,331000.0,20500.0
2012-04-13,249000.0,57700.0
2012-04-16,259000.0,73000.0
2012-04-17,595000.0,129500.0
2012-04-18,220000.0,36000.0
2012-04-19,244000.0,213200.0
2012-04-20,564000.0,33600.0
2012-04-23,162000.0,110000.0
2012-04-24,914000.0,95100.0
2012-04-25,639000.0,35000.0
2012-04-26,450000.0,151300.0
2012-04-27,802000.0,53800.0
2012-05-01,409000.0,141300.0
2012-05-02,919000.0,52300.0
2012-05-07,428000.0,78500.0
2012-05-08,275000.0,186300.0
2012-05-09,239000.0,42000.0
2012-05-10,519000.0,6800.0
2012-05-11,290000.0,55300.0
2012-05-14,518000.0,16000.0
2012-05-15,508000.0,29500.0
2012-05-16,287000.0,57500.0
2012-05-17,294000.0,111000.0
2012-05-18,326000.0,21000.0
2012-05-21,420000.0,98300.0
2012-05-22,398000.0,8000.0
2012-05-23,121000.0,86400.0
2012-05-24,500000.0,36500.0
2012-05-25,297000.0,55600.0
2012-05-28,472000.0,57100.0
2012-05-29,797000.0,49300.0
2012-05-30,189000.0,60000.0
2012-05-31,249000.0,82000.0
2012-06-01,272000.0,93500.0
2012-06-04,265000.0,100700.0
2012-06-05,650000.0,38500.0
2012-06-06,193000.0,107500.0
2012-06-07,252000.0,72000.0
2012-06-08,624000.0,91000.0
2012-06-11,423000.0,54000.0
2012-06-12,520000.0,42000.0
2012-06-13,170000.0,163000.0
2012-06-14,673000.0,6600.0
2012-06-15,212000.0,22000.0
2012-06-18,197000.0,206500.0
2012-06-19,151000.0,173500.0
2012-06-20,196000.0,22000.0
2012-06-21,288000.0,120500.0
2012-06-22,266000.0,25000.0
2012-06-25,220000.0,43000.0
2012-06-26,327000.0,79100.0
2012-06-27,122000.0,66000.0
2012-06-28,262000.0,100000.0
2012-06-29,248000.0,19700.0
2012-07-02,629000.0,82100.0
2012-07-03,291000.0,110500.0
2012-07-04,445000.0,53000.0
2012-07-05,305000.0,126400.0
2012-07-06,306000.0,2000.0
2012-07-09,182000.0,63000.0
2012-07-10,452000.0,33600.0
2012-07-11,521000.0,117000.0
2012-07-12,394000.0,40600.0
2012-07-13,217000.0,45300.0
2012-07-17,244000.0,82000.0
2012-07-18,785000.0,85000.0
2012-07-19,226000.0,64500.0
2012-07-20,294000.0,14400.0
2012-07-23,507000.0,90300.0
2012-07-24,285000.0,19000.0
2012-07-25,88000.0,36000.0
2012-07-26,158000.0,126000.0
2012-07-27,286000.0,12000.0
2012-07-30,194000.0,63000.0
2012-07-31,613000.0,102300.0
2012-08-01,425000.0,38300.0
2012-08-02,231000.0,13000.0
2012-08-03,173000.0,188800.0
2012-08-06,274000.0,145000.0
2012-08-07,499000.0,78800.0
2012-08-08,161000.0,54300.0
2012-08-09,217000.0,71000.0
2012-08-10,51000.0,94500.0
2012-08-15,50000.0,44000.0
2012-08-16,188000.0,46500.0
2012-08-17,57000.0,47300.0
2012-08-20,306000.0,48000.0
2012-08-21,188000.0,126000.0
2012-08-22,678000.0,45000.0
2012-08-23,56000.0,4200.0
2012-08-24,752000.0,44000.0
2012-08-27,805000.0,59000.0
2012-08-28,229000.0,50500.0
2012-08-29,754000.0,45400.0
2012-08-30,325000.0,113500.0
2012-08-31,247000.0,39500.0
2012-09-02,6000.0,100.0
2012-09-03,442000.0,114000.0
2012-09-04,461000.0,48900.0
2012-09-05,281000.0,30400.0
2012-09-06,358000.0,140000.0
2012-09-07,1212000.0,111300.0
2012-09-10,163000.0,83500.0
2012-09-11,267000.0,55800.0
2012-09-12,444000.0,84000.0
2012-09-13,609000.0,80000.0
2012-09-14,265000.0,53000.0
2012-09-18,252000.0,61700.0
2012-09-19,361000.0,54700.0
2012-09-20,389000.0,90400.0
2012-09-21,436000.0,58600.0
2012-09-24,156000.0,94000.0
2012-09-25,370000.0,113000.0
2012-09-26,361000.0,39500.0
2012-09-27,336000.0,18000.0
2012-09-28,420000.0,88600.0
2012-10-01,273000.0,162100.0
2012-10-02,250000.0,156900.0
2012-10-03,259000.0,26000.0
2012-10-04,295000.0,30500.0
2012-10-05,585000.0,146300.0
2012-10-09,443000.0,74200.0
2012-10-10,228000.0,72600.0
2012-10-11,253000.0,107000.0
2012-10-12,869000.0,54000.0
2012-10-15,284000.0,174800.0
2012-10-16,262000.0,133000.0
2012-10-17,522000.0,74300.0
2012-10-18,58000.0,55000.0
2012-10-19,462000.0,76800.0
2012-10-22,343000.0,100100.0
2012-10-23,296000.0,46000.0
2012-10-24,192000.0,48100.0
2012-10-25,67000.0,61200.0
2012-10-26,714000.0,36300.0
2012-10-29,200000.0,7300.0
2012-10-30,374000.0,118700.0
2012-10-31,447000.0,139100.0
2012-11-01,534000.0,96000.0
2012-11-02,330000.0,46500.0
2012-11-05,163000.0,97300.0
2012-11-06,430000.0,137100.0
2012-11-07,889000.0,60500.0
2012-11-08,237000.0,30200.0
2012-11-09,345000.0,76200.0
2012-11-12,528000.0,96000.0
2012-11-13,226000.0,124700.0
2012-11-14,474000.0,71300.0
2012-11-15,286000.0,73000.0
2012-11-16,335000.0,70400.0
2012-11-19,311000.0,61000.0
2012-11-20,517000.0,87700.0
2012-11-21,198000.0,65700.0
2012-11-22,310000.0,43500.0
2012-11-26,162000.0,121100.0
2012-11-27,200000.0,55100.0
2012-11-28,1210000.0,181200.0
2012-11-29,61000.0,20700.0
2012-11-30,97000.0,176600.0
2012-12-03,729000.0,103700.0
2012-12-04,831000.0,82500.0
2012-12-05,445000.0,58200.0
2012-12-06,142000.0,85500.0
2012-12-07,319000.0,218200.0
2012-12-10,292000.0,26700.0
2012-12-11,1082000.0,136200.0
2012-12-12,601000.0,136500.0
2012-12-13,443000.0,84500.0
2012-12-14,303000.0,83000.0
2012-12-17,229000.0,135500.0
2012-12-18,110000.0,70800.0
2012-12-19,552000.0,85000.0
2012-12-20,509000.0,82200.0
2012-12-21,326000.0,75000.0
2012-12-25,537000.0,143700.0
2012-12-26,656000.0,120000.0
2012-12-27,196000.0,26100.0
2013-01-07,454000.0,91000.0
2013-01-08,862000.0,113500.0
2013-01-09,156000.0,161500.0
2013-01-10,330000.0,95800.0
2013-01-11,133000.0,36000.0
2013-01-15,1660000.0,11700.0
2013-01-16,1008000.0,156500.0
2013-01-17,194000.0,143000.0
2013-01-18,707000.0,93500.0
2013-01-21,438000.0,113600.0
2013-01-22,694000.0,112500.0
2013-01-23,291000.0,85000.0
2013-01-24,575000.0,20300.0
2013-01-25,126000.0,92500.0
2013-01-28,263000.0,53500.0
2013-01-29,903000.0,83200.0
2013-01-30,155000.0,64700.0
2013-01-31,506000.0,101500.0
2013-02-01,1876000.0,267100.0
2013-02-04,549000.0,127000.0
2013-02-05,135000.0,166700.0
2013-02-06,327000.0,100700.0
2013-02-07,117000.0,109300.0
2013-02-08,846000.0,79100.0
2013-02-12,270000.0,75800.0
2013-02-13,692000.0,112000.0
2013-02-14,154000.0,85400.0
2013-02-15,222000.0,147400.0
2013-02-18,190000.0,83200.0
2013-02-19,651000.0,83100.0
2013-02-20,158000.0,66100.0
2013-02-21,193000.0,71800.0
2013-02-22,287000.0,70700.0
2013-02-25,161000.0,86600.0
2013-02-26,810000.0,85000.0
2013-02-27,406000.0,77000.0
2013-02-28,172000.0,110200.0
2013-03-01,405000.0,145200.0
2013-03-04,337000.0,161000.0
2013-03-05,657000.0,125500.0
2013-03-06,165000.0,37000.0
2013-03-07,723000.0,184100.0
2013-03-08,764000.0,84800.0
2013-03-11,577000.0,188100.0
2013-03-12,153000.0,107400.0
2013-03-13,537000.0,93000.0
2013-03-14,230000.0,42200.0
2013-03-15,271000.0,142200.0
2013-03-18,86000.0,101000.0
2013-03-19,966000.0,107100.0
2013-03-21,236000.0,91600.0
2013-03-22,281000.0,100300.0
2013-03-25,233000.0,162200.0
2013-03-26,683000.0,277700.0
2013-03-27,78000.0,142600.0
2013-03-28,82000.0,88400.0
2013-03-29,561000.0,129900.0
2013-04-01,1007000.0,111000.0
2013-04-02,526000.0,58300.0
2013-04-03,869000.0,43500.0
2013-04-04,273000.0,48000.0
2013-04-05,328000.0,179400.0
2013-04-08,325000.0,22500.0
2013-04-09,521000.0,112200.0
2013-04-10,226000.0,73200.0
2013-04-11,123000.0,51100.0
2013-04-12,626000.0,12100.0
2013-04-15,185000.0,208100.0
2013-04-16,278000.0,48600.0
2013-04-17,207000.0,126500.0
2013-04-18,303000.0,43500.0
2013-04-19,147000.0,22000.0
2013-04-22,583000.0,137600.0
2013-04-23,155000.0,66000.0
2013-04-24,65000.0,31500.0
2013-04-25,403000.0,40000.0
2013-04-26,226000.0,98000.0
2013-04-30,476000.0,68800.0
2013-05-01,604000.0,201800.0
2013-05-02,236000.0,700.0
2013-05-07,841000.0,107000.0
2013-05-08,172000.0,176200.0
2013-05-09,396000.0,171600.0
2013-05-10,639000.0,38500.0
2013-05-13,346000.0,86000.0
2013-05-14,213000.0,101000.0
2013-05-15,286000.0,76000.0
2013-05-16,103000.0,29000.0
2013-05-17,247000.0,129000.0
2013-05-20,523000.0,80000.0
2013-05-21,534000.0,33000.0
2013-05-22,269000.0,30500.0
2013-05-23,254000.0,158000.0
2013-05-24,321000.0,3000.0
2013-05-27,164000.0,114000.0
2013-05-28,923000.0,101600.0
2013-05-29,222000.0,41200.0
2013-05-30,190000.0,66900.0
2013-05-31,558000.0,87500.0
2013-06-03,521000.0,106500.0
2013-06-04,825000.0,71100.0
2013-06-05,310000.0,106500.0
2013-06-06,537000.0,93000.0
2013-06-07,484000.0,57300.0
2013-06-10,460000.0,86000.0
2013-06-11,590000.0,27000.0
2013-06-12,631000.0,80100.0
2013-06-13,110000.0,91600.0
2013-06-14,195000.0,35500.0
2013-06-17,105000.0,22300.0
2013-06-18,227000.0,143100.0
2013-06-19,919000.0,125000.0
2013-06-20,217000.0,103200.0
2013-06-21,276000.0,119000.0
2013-06-24,131000.0,244200.0
2013-06-25,372000.0,117500.0
2013-06-26,536000.0,87000.0
2013-06-27,215000.0,73300.0
2013-06-28,660000.0,122400.0
2013-07-01,519000.0,98500.0
2013-07-02,583000.0,176500.0
2013-07-03,224000.0,64100.0
2013-07-04,186000.0,144000.0
2013-07-05,251000.0,131000.0
2013-07-08,315000.0,80200.0
2013-07-09,500000.0,73500.0
2013-07-10,116000.0,95600.0
2013-07-11,173000.0,40700.0
2013-07-12,766000.0,400.0
2013-07-16,341000.0,71500.0
2013-07-17,223000.0,78000.0
2013-07-18,307000.0,101300.0
2013-07-19,65000.0,45500.0
2013-07-22,453000.0,100000.0
2013-07-23,299000.0,204000.0
2013-07-24,157000.0,97500.0
2013-07-25,495000.0,75500.0
2013-07-26,286000.0,55000.0
2013-07-29,552000.0,67200.0
2013-07-30,226000.0,126000.0
2013-07-31,530000.0,126200.0
2013-08-01,860000.0,90300.0
2013-08-02,469000.0,73400.0
2013-08-05,1353000.0,117100.0
2013-08-06,804000.0,81100.0
2013-08-07,216000.0,113500.0
2013-08-08,215000.0,120700.0
2013-08-09,135000.0,50200.0
2013-08-12,28000.0,61500.0
2013-08-13,5000.0,10300.0
2013-08-14,40000.0,15000.0
2013-08-16,180000.0,44000.0
2013-08-19,118000.0,113000.0
2013-08-20,849000.0,44900.0
2013-08-21,320000.0,133000.0
2013-08-22,347000.0,94400.0
2013-08-23,1243000.0,26300.0
2013-08-26,188000.0,117500.0
2013-08-27,351000.0,14300.0
2013-08-28,265000.0,146000.0
2013-08-29,205000.0,72000.0
2013-08-30,541000.0,103100.0
2013-09-02,604000.0,76200.0
2013-09-03,147000.0,181000.0
2013-09-04,198000.0,39100.0
2013-09-05,602000.0,67000.0
2013-09-06,157000.0,19100.0
2013-09-09,620000.0,90200.0
2013-09-10,739000.0,57100.0
2013-09-11,167000.0,26500.0
2013-09-12,93000.0,87400.0
2013-09-13,23000.0,61000.0
2013-09-17,668000.0,43400.0
2013-09-18,685000.0,71000.0
2013-09-19,95000.0,22300.0
2013-09-20,162000.0,18000.0
2013-09-24,514000.0,230000.0
2013-09-25,273000.0,185100.0
2013-09-26,343000.0,63100.0
2013-09-27,100000.0,12000.0
2013-09-30,1400000.0,147000.0
2013-10-01,681000.0,144800.0
2013-10-02,335000.0,78000.0
2013-10-03,458000.0,86500.0
2013-10-04,402000.0,95100.0
2013-10-07,181000.0,83200.0
2013-10-08,836000.0,157300.0
2013-10-09,686000.0,62100.0
2013-10-10,378000.0,78900.0
2013-10-11,1451000.0,24200.0
2013-10-15,435000.0,72900.0
2013-10-16,176000.0,22200.0
2013-10-17,236000.0,236100.0
2013-10-18,265000.0,64300.0
2013-10-21,235000.0,134300.0
2013-10-22,685000.0,204000.0
2013-10-23,54000.0,127200.0
2013-10-24,97000.0,37000.0
2013-10-25,438000.0,204300.0
2013-10-28,323000.0,137300.0
2013-10-29,528000.0,94400.0
2013-10-30,393000.0,73100.0
2013-10-31,343000.0,95500.0
2013-11-01,1619000.0,182500.0
2013-11-05,457000.0,221700.0
2013-11-06,1050000.0,187100.0
2013-11-07,456000.0,70100.0
2013-11-08,242000.0,29300.0
2013-11-11,104000.0,191000.0
2013-11-12,269000.0,124700.0
2013-11-13,1363000.0,111900.0
2013-11-14,149000.0,113000.0
2013-11-15,466000.0,82700.0
2013-11-17,50000.0,2000.0
2013-11-18,693000.0,71500.0
2013-11-19,230000.0,95300.0
2013-11-20,453000.0,91000.0
2013-11-21,418000.0,201800.0
2013-11-22,394000.0,93000.0
2013-11-25,371000.0,110300.0
2013-11-26,292000.0,91500.0
2013-11-27,410000.0,38200.0
2013-11-28,92000.0,34200.0
2013-11-29,872000.0,116100.0
2013-12-02,644000.0,174900.0
2013-12-03,300000.0,87600.0
2013-12-04,406000.0,74500.0
2013-12-05,538000.0,78800.0
2013-12-06,911000.0,112000.0
2013-12-09,220000.0,82300.0
2013-12-10,337000.0,95100.0
2013-12-11,430000.0,182600.0
2013-12-12,347000.0,24700.0
2013-12-13,990000.0,107600.0
2013-12-16,860000.0,98500.0
2013-12-17,360000.0,267000.0
2013-12-18,412000.0,74900.0
2013-12-19,370000.0,203800.0
2013-12-20,394000.0,42000.0
2013-12-24,705000.0,96000.0
2013-12-25,149000.0,82900.0
2013-12-26,375000.0,183000.0
2014-01-06,523000.0,63500.0
2014-01-07,407000.0,60200.0
2014-01-08,622000.0,166200.0
2014-01-09,277000.0,92300.0
2014-01-10,263000.0,233100.0
2014-01-14,310000.0,75000.0
2014-01-15,554000.0,210600.0
2014-01-16,702000.0,151000.0
2014-01-17,385000.0,37000.0
2014-01-20,414000.0,331100.0
2014-01-21,693000.0,160500.0
2014-01-22,143000.0,95700.0
2014-01-23,223000.0,99300.0
2014-01-24,457000.0,31100.0
2014-01-27,340000.0,68300.0
2014-01-28,242000.0,98100.0
2014-01-29,640000.0,70600.0
2014-01-30,136000.0,7800.0
2014-01-31,457000.0,215800.0
2014-02-03,1415000.0,58300.0
2014-02-04,678000.0,152100.0
2014-02-05,1125000.0,180000.0
2014-02-06,296000.0,127800.0
2014-02-10,406000.0,84200.0
2014-02-12,157000.0,159300.0
2014-02-13,353000.0,127500.0
2014-02-14,191000.0,91900.0
2014-02-17,490000.0,110500.0
2014-02-18,460000.0,47000.0
2014-02-19,359000.0,273900.0
2014-02-20,100000.0,48500.0
2014-02-21,513000.0,72200.0
2014-02-24,207000.0,139200.0
2014-02-25,166000.0,146600.0
2014-02-26,261000.0,96600.0
2014-02-27,219000.0,118100.0
2014-02-28,347000.0,171100.0
2014-03-03,878000.0,55300.0
2014-03-04,306000.0,79400.0
2014-03-05,230000.0,74300.0
2014-03-06,1244000.0,82000.0
2014-03-07,266000.0,55500.0
2014-03-10,310000.0,93100.0
2014-03-11,741000.0,191800.0
2014-03-12,400000.0,144500.0
2014-03-13,72000.0,105300.0
2014-03-14,233000.0,198200.0
2014-03-17,319000.0,117800.0
2014-03-18,1005000.0,25000.0
2014-03-19,811000.0,178800.0
2014-03-20,587000.0,50600.0
2014-03-24,272000.0,127600.0
2014-03-25,600000.0,194900.0
2014-03-26,568000.0,136300.0
2014-03-27,77000.0,128000.0
2014-03-28,32000.0,76100.0
2014-03-31,238000.0,433000.0
2014-04-01,435000.0,169000.0
2014-04-02,258000.0,86300.0
2014-04-03,225000.0,114000.0
2014-04-04,660000.0,221000.0
2014-04-07,367000.0,36700.0
2014-04-08,191000.0,36200.0
2014-04-09,313000.0,37100.0
2014-04-10,348000.0,22000.0
2014-04-11,281000.0,60200.0
2014-04-14,317000.0,72200.0
2014-04-15,335000.0,202600.0
2014-04-16,859000.0,204800.0
2014-04-17,683000.0,6200.0
2014-04-18,249000.0,50400.0
2014-04-21,166000.0,100800.0
2014-04-22,211000.0,123500.0
2014-04-23,81000.0,98300.0
2014-04-24,210000.0,88500.0
2014-04-25,462000.0,87100.0
2014-04-28,975000.0,135500.0
2014-04-30,237000.0,27500.0
2014-05-01,422000.0,181000.0
2014-05-02,274000.0,75000.0
2014-05-07,235000.0,73000.0
2014-05-08,257000.0,55600.0
2014-05-09,504000.0,123000.0
2014-05-12,761000.0,152500.0
2014-05-13,444000.0,11000.0
2014-05-14,452000.0,48400.0
2014-05-15,274000.0,76500.0
2014-05-16,635000.0,25500.0
2014-05-19,1134000.0,65300.0
2014-05-20,959000.0,89700.0
2014-05-21,237000.0,136300.0
2014-05-22,195000.0,44000.0
2014-05-23,400000.0,111000.0
2014-05-26,275000.0,7900.0
2014-05-27,365000.0,26700.0
2014-05-28,206000.0,76300.0
2014-05-29,142000.0,197500.0
2014-05-30,354000.0,83100.0
2014-06-02,327000.0,116000.0
2014-06-03,339000.0,96000.0
2014-06-04,572000.0,70200.0
2014-06-05,328000.0,67100.0
2014-06-06,160000.0,39200.0
2014-06-09,69000.0,74000.0
2014-06-10,144000.0,192000.0
2014-06-11,296000.0,68100.0
2014-06-12,83000.0,102800.0
2014-06-13,200000.0,149700.0
2014-06-16,292000.0,73200.0
2014-06-17,359000.0,91200.0
2014-06-18,165000.0,52700.0
2014-06-19,67000.0,80000.0
2014-06-20,420000.0,21000.0
2014-06-23,638000.0,150000.0
2014-06-24,299000.0,46300.0
2014-06-25,855000.0,51700.0
2014-06-26,829000.0,55200.0
2014-06-27,119000.0,162500.0
2014-06-29,25000.0,3000.0
2014-06-30,469000.0,245000.0
2014-07-01,457000.0,133000.0
2014-07-02,374000.0,56000.0
2014-07-03,206000.0,115500.0
2014-07-04,341000.0,77000.0
2014-07-07,360000.0,50100.0
2014-07-08,98000.0,85200.0
2014-07-09,108000.0,118600.0
2014-07-10,164000.0,100500.0
2014-07-11,88000.0,191800.0
2014-07-14,433000.0,57900.0
2014-07-15,1000000.0,131500.0
2014-07-16,698000.0,77100.0
2014-07-17,289000.0,62800.0
2014-07-18,173000.0,76800.0
2014-07-22,1057000.0,138000.0
2014-07-23,443000.0,58400.0
2014-07-24,428000.0,127200.0
2014-07-25,177000.0,105700.0
2014-07-28,281000.0,40700.0
2014-07-29,794000.0,262000.0
2014-07-30,515000.0,139300.0
2014-07-31,538000.0,6000.0
2014-08-01,786000.0,112700.0
2014-08-04,695000.0,117400.0
2014-08-05,334000.0,180400.0
2014-08-06,321000.0,108500.0
2014-08-07,303000.0,78100.0
2014-08-08,83000.0,77900.0
2014-08-11,5000.0,85000.0
2014-08-12,2000.0,18000.0
2014-08-15,196000.0,41000.0
2014-08-18,138000.0,62500.0
2014-08-19,385000.0,90500.0
2014-08-20,244000.0,82300.0
2014-08-21,267000.0,238000.0
2014-08-22,95000.0,129200.0
2014-08-25,288000.0,64000.0
2014-08-26,799000.0,86700.0
2014-08-27,217000.0,83200.0
2014-08-28,89000.0,73500.0
2014-08-29,510000.0,94300.0
2014-09-01,407000.0,78000.0
2014-09-02,1609000.0,132300.0
2014-09-03,130000.0,14100.0
2014-09-04,492000.0,210100.0
2014-09-05,212000.0,53100.0
2014-09-08,232000.0,76500.0
2014-09-09,167000.0,85500.0
2014-09-10,281000.0,164600.0
2014-09-11,89000.0,282100.0
2014-09-12,269000.0,142300.0
2014-09-16,314000.0,398000.0
2014-09-17,1353000.0,131000.0
2014-09-18,194000.0,568000.0
2014-09-19,361000.0,82500.0
2014-09-22,312000.0,157200.0
2014-09-24,218000.0,21000.0
2014-09-25,149000.0,150800.0
2014-09-26,179000.0,40400.0
2014-09-29,257000.0,62100.0
2014-09-30,613000.0,76400.0
2014-10-01,443000.0,279300.0
2014-10-02,309000.0,126100.0
2014-10-03,459000.0,184600.0
2014-10-06,409000.0,84200.0
2014-10-07,560000.0,28500.0
2014-10-08,1109000.0,133400.0
2014-10-09,207000.0,54500.0
2014-10-10,152000.0,143700.0
2014-10-14,428000.0,99400.0
2014-10-15,858000.0,62800.0
2014-10-16,78000.0,307500.0
2014-10-17,273000.0,99500.0
2014-10-20,241000.0,103000.0
2014-10-21,313000.0,88300.0
2014-10-22,734000.0,97000.0
2014-10-23,486000.0,71500.0
2014-10-24,888000.0,53300.0
2014-10-27,324000.0,112000.0
2014-10-28,608000.0,263000.0
2014-10-29,613000.0,137100.0
2014-10-30,110000.0,37000.0
2014-10-31,148000.0,79300.0
2014-11-04,968000.0,239200.0
2014-11-05,367000.0,122000.0
2014-11-06,434000.0,167400.0
2014-11-07,289000.0,44000.0
2014-11-10,287000.0,213500.0
2014-11-11,277000.0,94500.0
2014-11-12,354000.0,195000.0
2014-11-13,711000.0,150400.0
2014-11-14,273000.0,90000.0
2014-11-17,130000.0,107500.0
2014-11-18,814000.0,43000.0
2014-11-19,322000.0,164300.0
2014-11-20,713000.0,55800.0
2014-11-21,231000.0,171600.0
2014-11-25,975000.0,69300.0
2014-11-26,640000.0,286600.0
2014-11-27,205000.0,200500.0
2014-11-28,316000.0,110000.0
2014-12-01,337000.0,155200.0
2014-12-02,161000.0,129100.0
2014-12-03,454000.0,210000.0
2014-12-04,155000.0,58000.0
2014-12-05,311000.0,76600.0
2014-12-08,329000.0,211000.0
2014-12-09,264000.0,48300.0
2014-12-10,606000.0,80200.0
2014-12-11,252000.0,112600.0
2014-12-12,152000.0,71800.0
2014-12-15,207000.0,81200.0
2014-12-16,584000.0,116000.0
2014-12-17,292000.0,165100.0
2014-12-18,464000.0,53100.0
2014-12-19,485000.0,240200.0
2014-12-22,623000.0,44000.0
2014-12-24,196000.0,100000.0
2014-12-25,55000.0,121600.0
2014-12-26,271000.0,6000.0
2015-01-05,631000.0,62600.0
2015-01-06,603000.0,71300.0
2015-01-07,539000.0,97600.0
2015-01-08,541000.0,62200.0
2015-01-09,185000.0,16300.0
2015-01-13,440000.0,224700.0
2015-01-14,445000.0,162000.0
2015-01-15,1745000.0,195000.0
2015-01-16,1003000.0,72500.0
2015-01-19,99000.0,345900.0
2015-01-20,858000.0,14400.0
2015-01-21,405000.0,271500.0
2015-01-22,559000.0,101000.0
2015-01-23,173000.0,71400.0
2015-01-26,99000.0,93200.0
2015-01-27,464000.0,74700.0
2015-01-28,78000.0,97500.0
2015-01-29,120000.0,102500.0
2015-01-30,1140000.0,192800.0
2015-02-02,92000.0,75900.0
2015-02-03,367000.0,102700.0
2015-02-04,374000.0,224200.0
2015-02-05,400000.0,56000.0
2015-02-06,119000.0,60600.0
2015-02-09,465000.0,39600.0
2015-02-10,311000.0,215500.0
2015-02-12,172000.0,93400.0
2015-02-13,252000.0,207200.0
2015-02-16,165000.0,91600.0
2015-02-17,280000.0,124200.0
2015-02-18,231000.0,125000.0
2015-02-19,174000.0,51400.0
2015-02-20,363000.0,72800.0
2015-02-23,449000.0,139300.0
2015-02-24,177000.0,108200.0
2015-02-25,611000.0,46200.0
2015-02-26,89000.0,90500.0
2015-02-27,207000.0,69100.0
2015-03-02,492000.0,332200.0
2015-03-03,264000.0,31200.0
2015-03-04,347000.0,165600.0
2015-03-05,573000.0,81800.0
2015-03-06,265000.0,165300.0
2015-03-09,305000.0,62000.0
2015-03-10,638000.0,111500.0
2015-03-11,411000.0,66000.0
2015-03-12,63000.0,100000.0
2015-03-13,314000.0,117600.0
2015-03-16,249000.0,107000.0
2015-03-17,234000.0,142400.0
2015-03-18,379000.0,25800.0
2015-03-19,12000.0,44400.0
2015-03-20,186000.0,190400.0
2015-03-23,341000.0,121000.0
2015-03-24,233000.0,121200.0
2015-03-25,1625000.0,100100.0
2015-03-26,167000.0,61100.0
2015-03-27,144000.0,54600.0
2015-03-30,68000.0,104000.0
2015-03-31,223000.0,177500.0
2015-04-01,420000.0,183000.0
2015-04-02,527000.0,98200.0
2015-04-03,229000.0,87000.0
2015-04-06,691000.0,133500.0
2015-04-07,34000.0,104000.0
2015-04-08,1131000.0,157000.0
2015-04-09,344000.0,95500.0
2015-04-10,400000.0,106500.0
2015-04-13,593000.0,52000.0
2015-04-14,132000.0,11300.0
2015-04-15,357000.0,290500.0
2015-04-16,198000.0,116500.0
2015-04-17,236000.0,32700.0
2015-04-20,275000.0,123200.0
2015-04-21,1413000.0,218300.0
2015-04-22,637000.0,50500.0
2015-04-23,99000.0,33000.0
2015-04-24,279000.0,104100.0
2015-04-27,704000.0,128700.0
2015-04-28,224000.0,97500.0
2015-04-30,92000.0,123500.0
2015-05-01,761000.0,154000.0
2015-05-07,1078000.0,72200.0
2015-05-08,764000.0,131300.0
2015-05-11,295000.0,228900.0
2015-05-12,472000.0,210000.0
2015-05-13,385000.0,121500.0
2015-05-14,289000.0,28500.0
2015-05-15,50000.0,121000.0
2015-05-18,458000.0,102400.0
2015-05-19,183000.0,146900.0
2015-05-20,80000.0,30300.0
2015-05-21,380000.0,28900.0
2015-05-22,341000.0,74000.0
2015-05-25,95000.0,126100.0
2015-05-26,189000.0,102800.0
2015-05-27,1178000.0,150000.0
2015-05-28,218000.0,31500.0
2015-05-29,458000.0,18200.0
2015-06-01,244000.0,129000.0
2015-06-02,317000.0,105000.0
2015-06-03,369000.0,33100.0
2015-06-04,46000.0,130400.0
2015-06-05,575000.0,36900.0
2015-06-09,1259000.0,198700.0
2015-06-10,265000.0,104500.0
2015-06-11,223000.0,79300.0
2015-06-12,176000.0,151600.0
2015-06-15,414000.0,83000.0
2015-06-16,143000.0,100000.0
2015-06-17,131000.0,75000.0
2015-06-18,85000.0,122200.0
2015-06-19,440000.0,71100.0
2015-06-22,185000.0,143800.0
2015-06-23,230000.0,131000.0
2015-06-24,416000.0,90000.0
2015-06-25,999000.0,122300.0
2015-06-26,524000.0,14600.0
2015-06-29,34000.0,58000.0
2015-06-30,1223000.0,256000.0
2015-07-01,584000.0,96000.0
2015-07-02,1114000.0,113400.0
2015-07-03,672000.0,56000.0
2015-07-06,73000.0,159000.0
2015-07-07,182000.0,33000.0
2015-07-08,113000.0,44000.0
2015-07-09,335000.0,128000.0
2015-07-10,305000.0,110000.0
2015-07-13,184000.0,100000.0
2015-07-14,520000.0,259800.0
2015-07-15,386000.0,166200.0
2015-07-16,243000.0,110200.0
2015-07-17,6000.0,122500.0
2015-07-21,422000.0,84700.0
2015-07-22,376000.0,239200.0
2015-07-23,188000.0,146200.0
2015-07-24,277000.0,65600.0
2015-07-27,988000.0,85400.0
2015-07-28,287000.0,335500.0
2015-07-29,232000.0,162000.0
2015-07-30,5000.0,120200.0
2015-07-31,809000.0,141400.0
2015-08-03,373000.0,175000.0
2015-08-04,240000.0,145300.0
2015-08-05,405000.0,376300.0
2015-08-06,612000.0,56000.0
2015-08-07,1368000.0,68600.0
2015-08-10,39000.0,23500.0
2015-08-11,7000.0,50100.0
2015-08-14,485000.0,17500.0
2015-08-17,105000.0,169100.0
2015-08-18,670000.0,115200.0
2015-08-19,183000.0,130000.0
2015-08-20,291000.0,25000.0
2015-08-21,345000.0,43400.0
2015-08-24,152000.0,129200.0
2015-08-25,484000.0,72200.0
2015-08-26,189000.0,31000.0
2015-08-27,217000.0,106900.0
2015-08-28,87000.0,72000.0
2015-08-31,220000.0,77300.0
2015-09-01,379000.0,122700.0
2015-09-02,339000.0,59000.0
2015-09-03,625000.0,105200.0
2015-09-04,827000.0,46200.0
2015-09-07,334000.0,102000.0
2015-09-08,1181000.0,85700.0
2015-09-09,253000.0,176000.0
2015-09-10,107000.0,85300.0
2015-09-11,578000.0,47500.0
2015-09-14,677000.0,132500.0
2015-09-15,454000.0,117300.0
2015-09-16,294000.0,64600.0
2015-09-17,53000.0,124300.0
2015-09-18,194000.0,75100.0
2015-09-24,372000.0,176300.0
2015-09-25,338000.0,91200.0
2015-09-28,34000.0,90000.0
2015-09-29,119000.0,170600.0
2015-09-30,1167000.0,100000.0
2015-10-01,502000.0,128400.0
2015-10-02,400000.0,74500.0
2015-10-05,222000.0,132000.0
2015-10-06,56000.0,40000.0
2015-10-07,241000.0,165100.0
2015-10-08,879000.0,16000.0
2015-10-09,86000.0,29700.0
2015-10-13,342000.0,52700.0
2015-10-14,284000.0,75000.0
2015-10-15,161000.0,152000.0
2015-10-16,154000.0,188200.0
2015-10-19,188000.0,182100.0
2015-10-20,26000.0,82900.0
2015-10-21,372000.0,167000.0
2015-10-22,698000.0,64400.0
2015-10-23,91000.0,31000.0
2015-10-26,650000.0,182500.0
2015-10-27,1555000.0,93100.0
2015-10-28,301000.0,90100.0
2015-10-29,132000.0,61600.0
2015-10-30,451000.0,85000.0
2015-11-02,394000.0,180900.0
2015-11-04,269000.0,74000.0
2015-11-05,278000.0,158000.0
2015-11-06,150000.0,36500.0
2015-11-09,94000.0,88000.0
2015-11-10,664000.0,53100.0
2015-11-11,153000.0,143500.0
2015-11-12,286000.0,167000.0
2015-11-13,163000.0,6000.0
2015-11-16,214000.0,130000.0
2015-11-17,1542000.0,139200.0
2015-11-18,379000.0,76000.0
2015-11-19,1185000.0,14800.0
2015-11-20,259000.0,139500.0
2015-11-24,176000.0,136300.0
2015-11-25,227000.0,27800.0
2015-11-26,193000.0,178500.0
2015-11-27,272000.0,109200.0
2015-11-30,193000.0,162000.0
2015-12-01,182000.0,62500.0
2015-12-02,594000.0,188000.0
2015-12-03,314000.0,93300.0
2015-12-04,198000.0,96500.0
2015-12-07,419000.0,60000.0
2015-12-08,430000.0,132200.0
2015-12-09,586000.0,160000.0
2015-12-10,130000.0,21000.0
2015-12-11,159000.0,66100.0
2015-12-14,166000.0,224200.0
2015-12-15,1428000.0,74000.0
2015-12-16,203000.0,27000.0
2015-12-17,336000.0,236700.0
2015-12-18,360000.0,153200.0
2015-12-21,221000.0,91100.0
2015-12-22,236000.0,120600.0
2015-12-24,229000.0,37800.0
2015-12-25,98000.0,246300.0
2015-12-28,507000.0,29000.0
2016-01-05,479000.0,85800.0
2016-01-06,605000.0,93600.0
2016-01-07,355000.0,93000.0
2016-01-08,684000.0,116000.0
2016-01-12,508000.0,107700.0
2016-01-13,396000.0,142700.0
2016-01-14,357000.0,198600.0
2016-01-15,116000.0,62300.0
2016-01-18,296000.0,232000.0
2016-01-19,626000.0,211000.0
2016-01-20,413000.0,40000.0
2016-01-21,175000.0,127500.0
2016-01-22,257000.0,82500.0
2016-01-25,325000.0,64500.0
2016-01-26,808000.0,130900.0
2016-01-27,52000.0,58300.0
2016-01-28,522000.0,40500.0
2016-01-29,365000.0,36600.0
2016-02-01,525000.0,191000.0
2016-02-02,205000.0,95700.0
2016-02-03,796000.0,36500.0
2016-02-04,228000.0,57500.0
2016-02-05,331000.0,34000.0
2016-02-08,799000.0,124200.0
2016-02-09,369000.0,252500.0
2016-02-10,382000.0,132000.0
2016-02-12,356000.0,124800.0
2016-02-15,208000.0,140000.0
2016-02-16,298000.0,79300.0
2016-02-17,125000.0,67700.0
2016-02-18,247000.0,28800.0
2016-02-19,508000.0,29000.0
2016-02-22,257000.0,95200.0
2016-02-23,154000.0,65000.0
2016-02-24,516000.0,84500.0
2016-02-25,100000.0,129600.0
2016-02-26,346000.0,38000.0
2016-02-29,446000.0,60600.0
2016-03-01,164000.0,325000.0
2016-03-02,1362000.0,206800.0
2016-03-03,326000.0,239800.0
2016-03-04,234000.0,254300.0
2016-03-07,257000.0,51000.0
2016-03-08,136000.0,109500.0
2016-03-09,71000.0,94100.0
2016-03-10,281000.0,57800.0
2016-03-11,511000.0,73400.0
2016-03-14,195000.0,2000.0
2016-03-15,1085000.0,187000.0
2016-03-16,342000.0,80000.0
2016-03-17,245000.0,20100.0
2016-03-18,266000.0,41500.0
2016-03-22,240000.0,62200.0
2016-03-23,523000.0,100700.0
2016-03-24,318000.0,86000.0
2016-03-25,235000.0,119600.0
2016-03-28,161000.0,90200.0
2016-03-29,254000.0,96000.0
2016-03-30,101000.0,141500.0
2016-03-31,249000.0,213100.0
2016-04-01,283000.0,43000.0
2016-04-04,116000.0,132100.0
2016-04-05,480000.0,188100.0
2016-04-06,259000.0,116000.0
2016-04-07,482000.0,61000.0
2016-04-08,1362000.0,7000.0
2016-04-11,205000.0,171600.0
2016-04-12,105000.0,125000.0
2016-04-13,279000.0,172300.0
2016-04-14,86000.0,132000.0
2016-04-15,583000.0,171200.0
2016-04-18,233000.0,97100.0
2016-04-19,99000.0,121200.0
2016-04-20,108000.0,139000.0
2016-04-21,386000.0,127300.0
2016-04-22,334000.0,153000.0
2016-04-25,294000.0,220000.0
2016-04-26,212000.0,56200.0
2016-04-27,53000.0,230300.0
2016-04-28,382000.0,17300.0
2016-05-02,86000.0,21000.0
2016-05-06,315000.0,90000.0
2016-05-09,402000.0,153000.0
2016-05-10,1302000.0,91700.0
2016-05-11,124000.0,220000.0
2016-05-12,156000.0,98000.0
2016-05-13,403000.0,24200.0
2016-05-16,78000.0,82700.0
2016-05-17,253000.0,238700.0
2016-05-18,30000.0,86700.0
2016-05-19,179000.0,41000.0
2016-05-20,319000.0,89300.0
2016-05-23,641000.0,79500.0
2016-05-24,128000.0,96200.0
2016-05-25,606000.0,84000.0
2016-05-26,781000.0,70000.0
2016-05-27,338000.0,119600.0
2016-05-30,160000.0,20000.0
2016-05-31,543000.0,55500.0
2016-06-01,458000.0,153400.0
2016-06-02,259000.0,70700.0
2016-06-03,214000.0,64000.0
2016-06-06,244000.0,60000.0
2016-06-07,494000.0,194400.0
2016-06-08,994000.0,90000.0
2016-06-09,337000.0,132200.0
2016-06-10,667000.0,64300.0
2016-06-13,99000.0,134000.0
2016-06-14,902000.0,63500.0
2016-06-15,160000.0,69000.0
2016-06-16,148000.0,22400.0
2016-06-17,66000.0,3000.0
2016-06-20,374000.0,190600.0
2016-06-21,671000.0,136700.0
2016-06-22,340000.0,77000.0
2016-06-23,114000.0,122500.0
2016-06-27,556000.0,42000.0
2016-06-28,113000.0,285500.0
2016-06-29,208000.0,76100.0
2016-06-30,336000.0,305000.0
2016-07-01,700000.0,92100.0
2016-07-04,619000.0,88500.0
2016-07-05,1115000.0,59600.0
2016-07-06,49000.0,5000.0
2016-07-07,268000.0,215000.0
2016-07-08,265000.0,84000.0
2016-07-11,47000.0,59000.0
2016-07-12,126000.0,92300.0
2016-07-13,456000.0,94000.0
2016-07-14,134000.0,151100.0
2016-07-15,278000.0,42000.0
2016-07-19,274000.0,250500.0
2016-07-20,441000.0,10000.0
2016-07-21,495000.0,72500.0
2016-07-22,275000.0,160500.0
2016-07-25,314000.0,62000.0
2016-07-26,589000.0,115100.0
2016-07-27,161000.0,131000.0
2016-07-28,106000.0,50000.0
2016-07-29,318000.0,82500.0
2016-08-01,726000.0,162000.0
2016-08-02,329000.0,181200.0
2016-08-03,252000.0,91000.0
2016-08-04,171000.0,40300.0
2016-08-05,467000.0,172000.0
2016-08-08,183000.0,72200.0
2016-08-09,235000.0,94000.0
2016-08-10,26000.0,61000.0
2016-08-15,27000.0,1000.0
2016-08-16,20000.0,35000.0
2016-08-17,320000.0,129000.0
2016-08-18,834000.0,106000.0
2016-08-19,329000.0,117000.0
2016-08-22,170000.0,148500.0
2016-08-23,502000.0,30000.0
2016-08-24,643000.0,77000.0
2016-08-25,120000.0,81500.0
2016-08-26,758000.0,106200.0
2016-08-29,89000.0,110000.0
2016-08-30,253000.0,118300.0
2016-08-31,480000.0,125000.0
2016-09-01,411000.0,92900.0
2016-09-02,312000.0,113000.0
2016-09-05,467000.0,65000.0
2016-09-06,243000.0,21300.0
2016-09-07,462000.0,45300.0
2016-09-08,288000.0,67000.0
2016-09-09,124000.0,41300.0
2016-09-12,119000.0,101000.0
2016-09-13,523000.0,100500.0
2016-09-14,171000.0,116000.0
2016-09-15,267000.0,151000.0
2016-09-16,570000.0,60300.0
2016-09-20,102000.0,75500.0
2016-09-21,479000.0,172000.0
2016-09-23,291000.0,217500.0
2016-09-26,191000.0,44000.0
2016-09-27,259000.0,107100.0
2016-09-28,73000.0,87500.0
2016-09-29,42000.0,289000.0
2016-09-30,1566000.0,152000.0
2016-10-03,537000.0,202300.0
2016-10-04,379000.0,83000.0
2016-10-05,231000.0,173500.0
2016-10-06,252000.0,42000.0
2016-10-07,215000.0,122400.0
2016-10-11,2257000.0,76300.0
2016-10-12,162000.0,95500.0
2016-10-13,123000.0,40000.0
2016-10-14,496000.0,171000.0
2016-10-17,289000.0,106400.0
2016-10-18,68000.0,76500.0
2016-10-19,141000.0,107000.0
2016-10-20,632000.0,69000.0
2016-10-21,475000.0,121500.0
2016-10-24,180000.0,148300.0
2016-10-25,203000.0,43200.0
2016-10-26,308000.0,169800.0
2016-10-27,110000.0,119200.0
2016-10-28,119000.0,219500.0
2016-10-31,408000.0,65500.0
2016-11-01,759000.0,96000.0
2016-11-02,456000.0,68000.0
2016-11-04,1249000.0,98500.0
2016-11-07,392000.0,152200.0
2016-11-08,415000.0,72000.0
2016-11-09,427000.0,192200.0
2016-11-10,1182000.0,96700.0
2016-11-11,127000.0,125700.0
2016-11-14,259000.0,66000.0
2016-11-15,498000.0,220300.0
2016-11-16,330000.0,32300.0
2016-11-17,66000.0,138000.0
2016-11-18,340000.0,185000.0
2016-11-21,115000.0,206000.0
2016-11-22,577000.0,66600.0
2016-11-24,318000.0,84000.0
2016-11-25,71000.0,129400.0
2016-11-28,733000.0,123500.0
2016-11-29,109000.0,138000.0
2016-11-30,391000.0,232000.0
2016-12-01,329000.0,166700.0
2016-12-02,258000.0,96700.0
2016-12-05,210000.0,81700.0
2016-12-06,306000.0,231000.0
2016-12-07,284000.0,137200.0
2016-12-08,189000.0,51000.0
2016-12-09,655000.0,230400.0
2016-12-12,68000.0,47500.0
2016-12-13,573000.0,246000.0
2016-12-14,536000.0,70500.0
2016-12-15,263000.0,27200.0
2016-12-16,277000.0,79000.0
2016-12-19,397000.0,113200.0
2016-12-20,328000.0,113000.0
2016-12-21,284000.0,248000.0
2016-12-22,180000.0,220000.0
2016-12-26,286000.0,300000.0
2016-12-27,90000.0,31300.0
2016-12-28,140000.0,53000.0
